soiltype,mean_fs,mean_qe,std_fs,std_qe,cor,Prior
soil1,10.51351108,0.501052585,6.190924608,0.118511445,0.305230458,0.22024
soil2,17.59250407,0.739791355,9.202713112,0.237983476,0.285221514,0.21376
soil3,31.18111121,1.277151733,12.19913288,0.494885232,0.336475542,0.219324
soil4,49.44537588,3.87580783,11.86866415,0.956080167,0.316385911,0.226048
